X,Y,OBJECTID,Objecttype,Type_velo,Ligging,Straatnaam,Huisnummer,Aanvulling,District,Postcode,Objectcode,Gebruik,Aantal_plaatsen,Naam
490805.435435433,6661741.33067299,9020,VELOSTATION,ENKELZIJDIG,VOETPAD,Godefriduskaai,,thv Q-park,Antwerpen,2000,VE_0000129,IN_GEBRUIK,36,129 Godefriduskaai
492111.727847502,6659889.1075359,9021,VELOSTATION,ENKELZIJDIG,PLEIN,Koningin Astridplein,,to station 1,Antwerpen,2018,VE_0000002,IN_GEBRUIK,36,002 Centraal station Astrid 2
491186.935170642,6659990.42714611,9022,VELOSTATION,ENKEL-DUBBELZIJDIG,VOETPAD,Meir,84,,Antwerpen,2000,VE_0000026,IN_GEBRUIK,33,026 Meir-Antoon Van Dijck
490256.233411669,6660129.95496928,9023,VELOSTATION,ENKELZIJDIG,VOETPAD,Eiermarkt,12,,Antwerpen,2000,VE_0000019,BUITEN_GEBRUIK,24,019 Eiermarkt
489878.99981999,6660068.07436155,9024,VELOSTATION,ENKELZIJDIG,PARKEERZONE,Groenkerkhofstraat,2,thv Nationalestraat,Antwerpen,2000,VE_0000020,IN_GEBRUIK,27,020 Groenplaats 2
488424.478613629,6658573.20164857,9025,VELOSTATION,ENKELZIJDIG,VOETGANGERSZONE,Cockerillkaai,,,Antwerpen,2000,VE_0000035,IN_GEBRUIK,36,035 Cockerillkaai
489387.629606106,6657587.47580403,9026,VELOSTATION,ENKEL-DUBBELZIJDIG,VOETPAD,Paleisstraat,147,,Antwerpen,2018,VE_0000094,IN_GEBRUIK,33,094 Paleisstraat
488707.473513431,6656639.99873835,9027,VELOSTATION,DUBBELZIJDIG,GROENZONE,Singel,,tssn Singel/Brederodestraat,Antwerpen,2018,VE_0000012,IN_GEBRUIK,36,012 Brussel
491101.594112087,6660217.92779491,9028,VELOSTATION,ENKELZIJDIG,VOETPAD,Lange Nieuwstraat,105,,Antwerpen,2000,VE_0000027,IN_GEBRUIK,36,027 Lange Nieuwstraat
491849.272558918,6657783.7057887,9029,VELOSTATION,ENKELZIJDIG,VOETPAD,Belgiëlei,99,,Antwerpen,2018,VE_0000044,IN_GEBRUIK,36,044 Belgiëlei
492308.146921382,6658513.04691694,9030,VELOSTATION,ENKELZIJDIG,VOETPAD,Mercatorstraat,18,to 18,Antwerpen,2018,VE_0000006,IN_GEBRUIK,24,006 Premetro Plantin
492896.522494308,6658558.20595364,9031,VELOSTATION,DUBBELZIJDIG,VOETGANGERSZONE,Van Der Meydenstraat,123,,Borgerhout,2140,VE_0000111,IN_GEBRUIK,30,111 Van Der Meyden
493385.5200668,6661025.77840494,9032,VELOSTATION,ENKELZIJDIG,VOETPAD,Lange Stuivenbergstraat,86-88,to 86-88,Antwerpen,2060,VE_0000101,IN_GEBRUIK,36,101 Premetro Handel
494172.324786688,6661653.47372436,9033,VELOSTATION,ENKELZIJDIG,PARKEERZONE,Schijnpoortweg,27-29,,Antwerpen,2060,VE_0000120,IN_GEBRUIK,24,120 Eendracht
487434.510201941,6662329.69712844,9034,VELOSTATION,ENKELZIJDIG,VOETPAD,August Vermeylenlaan,7,to 7,Antwerpen,2050,VE_0000144,IN_GEBRUIK,36,144 August Vermeylenlaan
487419.28517315,6661717.2366441,9035,VELOSTATION,ENKELZIJDIG,VOETPAD,August Vermeylenlaan,,charles de costerlaan,Antwerpen,2050,VE_0000145,IN_GEBRUIK,24,145 De Coster
488200.918008866,6660015.59989291,9036,VELOSTATION,ENKELZIJDIG,GROENZONE,Beatrijslaan,42,,Antwerpen,2050,VE_0000153,IN_GEBRUIK,36,153 Beatrijslaan
487089.782181539,6660309.17143789,9037,VELOSTATION,DUBBELZIJDIG,VOETPAD,Blancefloerlaan,163-165,,Antwerpen,2050,VE_0000152,IN_GEBRUIK,36,152 Blancefloerlaan
488295.905894173,6660407.52390628,9038,VELOSTATION,ENKELZIJDIG,VOETPAD,Blancefloerlaan,,to frederick van eedenplein,Antwerpen,2050,VE_0000149,IN_GEBRUIK,36,149 Van Eedenplein
487861.750194778,6662680.60571419,9039,VELOSTATION,ENKELZIJDIG,VOETPAD,Esmoreitlaan,13,thv lodewijk van veltheimlaan,Antwerpen,2050,VE_0000142,IN_GEBRUIK,36,142 Esmoreitlaan
488272.632175083,6660848.82846992,9040,VELOSTATION,ENKELZIJDIG,VOETPAD,Frederik Van Eedenplein,4,to 4,Antwerpen,2050,VE_0000148,IN_GEBRUIK,36,148 Verhaerenlaan
488231.893039852,6662265.66524849,9041,VELOSTATION,ENKELZIJDIG,VOETPAD,Gloriantlaan,31,,Antwerpen,2050,VE_0000143,IN_GEBRUIK,24,143 Melis Stokelaan
488346.301704234,6663000.68857156,9042,VELOSTATION,ENKELZIJDIG,VOETPAD,Gloriantlaan,,thv kastanjedreef,Antwerpen,2050,VE_0000141,IN_GEBRUIK,36,141 Sint-Anna
488873.154716521,6662312.11539026,9043,VELOSTATION,ENKELZIJDIG,VOETPAD,Thonetlaan,,to jachthaven,Antwerpen,2050,VE_0000140,IN_GEBRUIK,36,140 Jachthaven LO
487343.509317809,6661014.87332252,9044,VELOSTATION,ENKELZIJDIG,VOETPAD,Halewijnlaan,88,,Antwerpen,2050,VE_0000147,IN_GEBRUIK,24,147 Halewijnlaan
488233.35085415,6661666.60359916,9045,VELOSTATION,ENKELZIJDIG,VOETPAD,Reinaartlaan,,thv gloriantlaan,Antwerpen,2050,VE_0000146,IN_GEBRUIK,33,146 Reinaartlaan
487770.419407984,6660303.69991877,9046,VELOSTATION,ENKELZIJDIG,VOETPAD,Waterhoenlaan,12,,Antwerpen,2050,VE_0000150,IN_GEBRUIK,24,150 Waterhoenlaan
490203.958603953,6662318.36527544,9047,VELOSTATION,DUBBELZIJDIG,VOETPAD,Amsterdamstraat,,thv rijnkaai,Antwerpen,2000,VE_0000138,IN_GEBRUIK,24,138 Amsterdamstraat
491181.227822763,6662269.99893326,9048,VELOSTATION,ENKELZIJDIG,VOETPAD,Londenstraat,53,,Antwerpen,2000,VE_0000139,IN_GEBRUIK,21,139 Londenstraat
490438.008338939,6662032.19128686,9049,VELOSTATION,DUBBELZIJDIG,VOETPAD,Sint-Laureiskaai,,,Antwerpen,2000,VE_0000137,IN_GEBRUIK,36,137 Sint-Laureiskaai
489858.377067548,6660581.67279194,9050,VELOSTATION,ENKELZIJDIG,VOETPAD,Wisselstraat,12,to 12,Antwerpen,2000,VE_0000060,IN_GEBRUIK,36,060 Grote Markt
491293.441736722,6661769.19626176,9051,VELOSTATION,DUBBELZIJDIG,VOETPAD,Italiëlei,4,thv FOD financien,Antwerpen,2000,VE_0000127,IN_GEBRUIK,30,127 FOD Financiën
490438.075191559,6656163.67787705,9052,VELOSTATION,ENKELZIJDIG,VOETPAD,Jan Van Rijswijcklaan,86,,Antwerpen,2018,VE_0000014,IN_GEBRUIK,36,014 Markgrave
490134.319228741,6660969.73799603,9053,VELOSTATION,ENKELZIJDIG,VOETPAD,Sint-Paulusstraat,42,thv lange koepoortstraat,Antwerpen,2000,VE_0000050,IN_GEBRUIK,21,050 Klapdorp
490834.888595619,6658963.88279292,9054,VELOSTATION,ENKELZIJDIG,VOETPAD,Oudevaartplaats,,thv frankrijklei,Antwerpen,2000,VE_0000077,IN_GEBRUIK,36,077 Blauwtorenplein
489022.846742421,6657806.20172823,9055,VELOSTATION,ENKELZIJDIG,VOETPAD,Amerikalei,162,graaf van hoorplein thv graaf van hoornstraat,Antwerpen,2000,VE_0000080,IN_GEBRUIK,36,080 Montigny
489396.22951888,6656188.16695616,9056,VELOSTATION,ENKELZIJDIG,VOETPAD,Desguinlei,246,to 246 oh plein,Antwerpen,2018,VE_0000040,IN_GEBRUIK,36,040 Desguinlei 
493150.204154597,6660729.25406212,9057,VELOSTATION,ENKELZIJDIG,PARKEERZONE,Duinstraat,83-87,,Antwerpen,2060,VE_0000102,IN_GEBRUIK,36,102 Duinstraat
491919.383243573,6661729.81506254,9058,VELOSTATION,DUBBELZIJDIG,VOETPAD,Lange Dijkstraat,46,thv van aerdtstraat,Antwerpen,2060,VE_0000126,IN_GEBRUIK,36,126 Lange Dijk
489577.271153431,6659256.11006112,9059,VELOSTATION,ENKELZIJDIG,PLEIN,Nationalestraat,111-113,to 111-113 thv lange vlierstraat,Antwerpen,2000,VE_0000076,IN_GEBRUIK,24,076 Prekersplein
491494.734526307,6657385.61430814,9060,VELOSTATION,ENKELZIJDIG,VOETPAD,Belgiëlei,157,thv Greterystraat,Antwerpen,2018,VE_0000043,IN_GEBRUIK,30,043 Grétrystraat
493586.984657264,6656924.58644237,9061,VELOSTATION,ENKELZIJDIG,PLEIN,Burgemeester E. Ryckaertsplein,,NMBS station Berchem,Berchem,2600,VE_0000008,IN_GEBRUIK,30,008 NMBS Berchem 2
493897.41073281,6657360.41253478,9062,VELOSTATION,DUBBELZIJDIG,VOETPAD,Uitbreidingstraat,578,,Berchem,2600,VE_0000112,IN_GEBRUIK,36,112 Pretoriastraat
489417.083627219,6658555.09993595,9063,VELOSTATION,ENKELZIJDIG,PARKEERZONE,Karel Rogierstraat,2-4,,Antwerpen,2000,VE_0000016,IN_GEBRUIK,27,016 Marnixplaats
494479.844304988,6658750.96564376,9064,VELOSTATION,ENKELZIJDIG,PARKEERZONE,Fonteinstraat,70,to 70,Borgerhout,2140,VE_0000069,IN_GEBRUIK,36,069 Fonteinstraat
487421.83555233,6660367.13792685,9065,VELOSTATION,DUBBELZIJDIG,GROENZONE,Blancefloerlaan,48a,to 48a middenberm thv halewijnlaan,Antwerpen,2050,VE_0000151,IN_GEBRUIK,36,151 Van Cauwelaert
491780.051963102,6659935.11830223,9066,VELOSTATION,ENKELZIJDIG,VOETPAD,De Keyserlei,,verplaatst nr Anneessenstraat,Antwerpen,2018,VE_0000024,IN_GEBRUIK,30,024 Opera
491543.206434534,6656569.75190153,9067,VELOSTATION,ENKELZIJDIG,VOETPAD,Grotesteenweg,,thv Boomgaardstraat,Berchem,2600,VE_0000046,IN_GEBRUIK,36,046 De Merode
492434.565067177,6657029.14394616,9068,VELOSTATION,DUBBELZIJDIG,VOETPAD,Boomgaardstraat,,thv militair hospitaal,Antwerpen,2018,VE_0000047,IN_GEBRUIK,36,047 Militair Hospitaal
492644.25436456,6659492.63833341,9069,VELOSTATION,DUBBELZIJDIG,PLEIN,Provinciestraat,81,to 81,Antwerpen,2018,VE_0000119,IN_GEBRUIK,24,119 Ploeg
492411.127415481,6661379.5694261,9070,VELOSTATION,ENKELZIJDIG,VOETPAD,Van Kerckhovenstraat,16,to 16 thv st-norbertusstraat,Antwerpen,2060,VE_0000125,IN_GEBRUIK,36,125 Sint-Norbertus
490497.179273065,6660813.93081255,9071,VELOSTATION,DUBBELZIJDIG,PLEIN,Mutsaardstraat,,mutsaardplein thv blindestraat,Antwerpen,2000,VE_0000051,IN_GEBRUIK,36,051 Mutsaardplein
491118.668344785,6658661.74762267,9072,VELOSTATION,ENKELZIJDIG,PLEIN,Fransenplaats,,thv Moonstraat,Antwerpen,2018,VE_0000041,IN_GEBRUIK,27,041 Van Eyck
492930.169528415,6656199.53523415,9073,VELOSTATION,ENKELZIJDIG,VOETPAD,Vredestraat,99,thv zonnebloemstraat,Berchem,2600,VE_0000055,IN_GEBRUIK,33,055 Zonnebloemstraat
492229.840612173,6659062.25604595,9074,VELOSTATION,DUBBELZIJDIG,PLEIN,Kievitplein,,,Antwerpen,2018,VE_0000003,IN_GEBRUIK,30,003 Centraal station Kievit 2
493158.670981038,6657969.78969085,9075,VELOSTATION,ENKELZIJDIG,VOETPAD,Dageraadplaats,,,Antwerpen,2018,VE_0000110,IN_GEBRUIK,36,110 Dageraadplaats
492640.915091241,6656336.6292092,9076,VELOSTATION,ENKELZIJDIG,PARKEERZONE,Statiestraat,53,thv victor jacobslei,Berchem,2600,VE_0000061,IN_GEBRUIK,30,061 Victor Jacobslei
491950.150933249,6655929.34928069,9077,VELOSTATION,ENKELZIJDIG,VOETPAD,Grotesteenweg,,thv Driekoningenstraat,Berchem,2600,VE_0000021,IN_GEBRUIK,30,021 Driekoningen
493214.495834324,6656711.9381918,9078,VELOSTATION,ENKELZIJDIG,VOETPAD,Statiestraat,,thv Posthoflei,Berchem,2600,VE_0000022,IN_GEBRUIK,33,022 Statie
493517.913439907,6659637.29651345,9079,VELOSTATION,ENKELZIJDIG,PLEIN,Laar,,thv Kerkplein,Borgerhout,2140,VE_0000030,IN_GEBRUIK,24,030 Het Laar
493599.266219452,6658696.56638423,9080,VELOSTATION,ENKELZIJDIG,PARKEERZONE,Betogingstraat,1,to 1,Borgerhout,2140,VE_0000039,IN_GEBRUIK,36,039 Koxplein
494270.692102208,6659592.64560856,9081,VELOSTATION,DUBBELZIJDIG,PLEIN,Krugerplein,,thv delarayestraat                 ,Borgerhout,2140,VE_0000108,IN_GEBRUIK,24,108 Krugerpark
492033.939551061,6659836.48912885,9082,VELOSTATION,ENKELZIJDIG,VOETPAD,De Keyserlei,57,,Antwerpen,2018,VE_0000004,IN_GEBRUIK,21,004 Keyserlei
490776.341850876,6660568.18282779,9083,VELOSTATION,ENKELZIJDIG,PARKEERZONE,Keizerstraat,56-58,to 56-58,Antwerpen,2000,VE_0000028,IN_GEBRUIK,24,028 Keizerstraat
492119.04579429,6657428.72827907,9084,VELOSTATION,ENKELZIJDIG,VOETPAD,Lamorinièrestraat,148,,Antwerpen,2018,VE_0000130,IN_GEBRUIK,18,130 Larmoriniere
491305.147499777,6657683.55252735,9085,VELOSTATION,ENKELZIJDIG,VOETPAD,Sint-Vincentiusstraat,61,to 61,Antwerpen,2018,VE_0000093,IN_GEBRUIK,30,093 Sint Vincentius
490041.434706735,6656464.39783781,9086,VELOSTATION,ENKELZIJDIG,PARKEERZONE,Van Schoonbekestraat,,thv markgravelei,Antwerpen,2018,VE_0000089,IN_GEBRUIK,36,089 Hof van Leysen
489671.492209695,6657773.44583083,9087,VELOSTATION,ENKELZIJDIG,VOETPAD,Boudewijnsstraat,19-21,to 19-21,Antwerpen,2018,VE_0000085,IN_GEBRUIK,36,085 Den Bell
491283.752135895,6659123.02450108,9088,VELOSTATION,ENKELZIJDIG,PARKEERZONE,Rubenslei,,thv ingang park,Antwerpen,2018,VE_0000096,IN_GEBRUIK,24,096 Stadspark
489111.284808997,6659681.25622507,9089,VELOSTATION,ENKELZIJDIG,PARKEERZONE,Plantinkaai,27,to 27,Antwerpen,2000,VE_0000065,BUITEN_GEBRUIK,30,065 Plantinkaai
489939.000046406,6660099.95945295,9090,VELOSTATION,ENKELZIJDIG,PLEIN,Groenplaats,7,,Antwerpen,2000,VE_0000017,IN_GEBRUIK,18,017 Groenplaats
491238.35257568,6660634.70922509,9091,VELOSTATION,ENKELZIJDIG,PARKEERZONE,Pieter Van Hobokenstraat,19-21,,Antwerpen,2000,VE_0000054,IN_GEBRUIK,21,054 Ossenmarkt
492293.152704416,6661590.78375604,9092,VELOSTATION,ENKELZIJDIG,VOETPAD,Trapstraat,10,,Antwerpen,2060,VE_0000118,IN_GEBRUIK,21,118 Dambrugge
493222.888921153,6661607.22398499,9093,VELOSTATION,ENKELZIJDIG,PARKEERZONE,Stuivenbergplein,36-1,to 36-1,Antwerpen,2060,VE_0000121,IN_GEBRUIK,30,121 Stuivenbergplein
492196.881891494,6655434.48372218,9094,VELOSTATION,DUBBELZIJDIG,GROENZONE,Binnensingel,,kp Grote Stwg,Berchem,2600,VE_0000103,IN_GEBRUIK,36,103 Oude Kerk Berchem
490694.020434792,6655530.87543297,9095,VELOSTATION,ENKEL-DUBBELZIJDIG,MIDDENBERM,Karel Oomsstraat,69,to 69 od middenberm thv binnensingel,Antwerpen,2018,VE_0000031,IN_GEBRUIK,36,031 Wezenberg
491168.217009909,6655638.84392418,9096,VELOSTATION,ENKELZIJDIG,PARKEERZONE,De Wittestraat,101,"to 101, thv generaal lemanstraat",Berchem,2600,VE_0000131,IN_GEBRUIK,21,131 De Wittestraat
491760.400470878,6655882.05463495,9097,VELOSTATION,ENKELZIJDIG,PLEIN,Frans Van Hombeeckplein,10,to 10,Berchem,2600,VE_0000100,IN_GEBRUIK,33,100 Van Hombeeckplein
490952.099109469,6656232.42709042,9098,VELOSTATION,ENKELZIJDIG,GROENZONE,Generaal Lemanstraat,6,to 6 thv karel oomsstraat,Antwerpen,2018,VE_0000099,IN_GEBRUIK,24,099 Generaal Leman
488772.065952463,6656477.95445908,9099,VELOSTATION,DUBBELZIJDIG,GROENZONE,Desguinlei,,Kielsbroek thv Montignystraat,Antwerpen,2018,VE_0000010,IN_GEBRUIK,36,010 NMBS Zuid
491897.448403426,6656725.81187098,9100,VELOSTATION,ENKELZIJDIG,PARKEERZONE,Boomgaardstraat,31,,Antwerpen,2018,VE_0000098,BUITEN_GEBRUIK,21,098 Haringrode
489161.287481103,6656888.88798166,9101,VELOSTATION,ENKELZIJDIG,VOETPAD,Lange Elzenstraat,56,,Antwerpen,2018,VE_0000087,IN_GEBRUIK,21,087 Lange Elzen
493591.703018123,6656921.08411289,9102,VELOSTATION,ENKELZIJDIG,PLEIN,Burgemeester E. Ryckaertsplein,,NMBS station Berchem,Berchem,2600,VE_0000007,IN_GEBRUIK,36,007 NMBS Berchem 
493819.467384787,6658363.03493922,9103,VELOSTATION,DUBBELZIJDIG,RIJWEG,Vandenpeereboomstraat,106,,Borgerhout,2140,VE_0000009,IN_GEBRUIK,30,009 NMBS Oost
490049.733003645,6656955.24452805,9104,VELOSTATION,ENKELZIJDIG,PARKEERZONE,Van Trierstraat,2,to 2 thv haantjeslei,Antwerpen,2018,VE_0000088,IN_GEBRUIK,21,088 Haantjeslei
490479.254772863,6657069.69155086,9105,VELOSTATION,DUBBELZIJDIG,VOETPAD,Lange Lozanastraat,,,Antwerpen,2018,VE_0000029,IN_GEBRUIK,18,029 Lozana
491150.016683008,6657151.96812649,9106,VELOSTATION,ENKELZIJDIG,PARKEERZONE,Mechelsesteenweg,,thv ingang harmoniepark,Antwerpen,2018,VE_0000042,IN_GEBRUIK,21,042 Harmonie
492979.062583613,6657312.35889861,9107,VELOSTATION,ENKELZIJDIG,GROENZONE,Stanleystraat,1,to 1 thv lange leemstraat,Antwerpen,2018,VE_0000097,IN_GEBRUIK,21,097 Cuperus
488939.475611648,6657354.6703194,9108,VELOSTATION,ENKELZIJDIG,VOETPAD,Troonplaats,,thv montignystraat,Antwerpen,2018,VE_0000086,IN_GEBRUIK,27,086 Troonplaats
490985.756213525,6657557.73946281,9109,VELOSTATION,ENKELZIJDIG,VOETPAD,Mechelsesteenweg,180,,Antwerpen,2018,VE_0000092,IN_GEBRUIK,21,092 Sint-Thomas
490337.029209235,6657561.02907939,9110,VELOSTATION,ENKELZIJDIG,VOETPAD,Vinkenstraat,7,to 7,Antwerpen,2018,VE_0000090,IN_GEBRUIK,18,090 Ballaarstraat
488431.047075315,6657578.54393061,9111,VELOSTATION,ENKELZIJDIG,PLEIN,Bolivarplaats,,thv gerechtsgebouw,Antwerpen,2000,VE_0000081,IN_GEBRUIK,27,081 Justitiepaleis
493387.725796013,6657752.84936172,9112,VELOSTATION,ENKELZIJDIG,VOETPAD,Draakplaats,,,Berchem,2600,VE_0000106,IN_GEBRUIK,33,106 Draakplaats
489634.340161688,6658122.75721484,9113,VELOSTATION,ENKELZIJDIG,VOETPAD,Amerikalei,82,,Antwerpen,2000,VE_0000083,IN_GEBRUIK,27,083 Brederode
489188.259937332,6658143.10428163,9114,VELOSTATION,ENKELZIJDIG,VOETPAD,Beeldhouwersstraat,,thv Admiraal De Boisotstraat,Antwerpen,2000,VE_0000015,IN_GEBRUIK,36,015 Schone Kunsten
492502.964361444,6658188.61124142,9115,VELOSTATION,ENKELZIJDIG,PARKEERZONE,Provinciestraat,,thv mercatorstraat,Antwerpen,2018,VE_0000104,IN_GEBRUIK,18,104 Mercator
488390.988395742,6658262.57856607,9116,VELOSTATION,DUBBELZIJDIG,VOETPAD,Waalsekaai,46,thv Fotografie museum,Antwerpen,2000,VE_0000082,IN_GEBRUIK,36,082 Fotografiemuseum
490731.633458948,6658309.53479695,9117,VELOSTATION,DUBBELZIJDIG,VOETPAD,Mechelsesteenweg,66,,Antwerpen,2018,VE_0000091,IN_GEBRUIK,18,091 Hemelstraat
493307.374851863,6658342.07504882,9118,VELOSTATION,ENKELZIJDIG,VOETPAD,Lange Van Ruusbroecstraat,114,,Antwerpen,2018,VE_0000105,IN_GEBRUIK,33,105 Plantin en Moretus
490132.242588627,6658380.71271157,9119,VELOSTATION,ENKELZIJDIG,VOETPAD,Britselei,86-94,,Antwerpen,2000,VE_0000078,IN_GEBRUIK,27,078 Oud Gerechtshof
488887.909404494,6658510.26146846,9120,VELOSTATION,ENKELZIJDIG,PARKEERZONE,Vlaamsekaai,35,,Antwerpen,2000,VE_0000075,IN_GEBRUIK,21,075 Vlaamsekaai
491739.414327424,6658533.64727361,9121,VELOSTATION,ENKELZIJDIG,MIDDENBERM,Van Eycklei,48,to 48,Antwerpen,2018,VE_0000116,IN_GEBRUIK,18,116 Loosplaats
488552.011757485,6658649.3297281,9122,VELOSTATION,ENKELZIJDIG,VOETGANGERSZONE,Waalsekaai,53,,Antwerpen,2000,VE_0000034,IN_GEBRUIK,24,034 MUKHA
490615.796275083,6658712.59739554,9123,VELOSTATION,ENKEL-DUBBELZIJDIG,VOETPAD,Britselei,4,thv mechelsesteenweg,Antwerpen,2000,VE_0000079,IN_GEBRUIK,36,079 Nationale Bank
494011.995856784,6658831.7626615,9124,VELOSTATION,ENKELZIJDIG,PLEIN,Maarschalk Montgomeryplein,4,to 4 oh plein,Borgerhout,2140,VE_0000132,IN_GEBRUIK,18,132 Montgomery
489683.503309401,6658860.13590613,9125,VELOSTATION,ENKELZIJDIG,PARKEERZONE,Kronenburgstraat,82,to 82,Antwerpen,2000,VE_0000072,IN_GEBRUIK,36,072 Tropisch Instituut
489139.651413247,6658931.14410812,9126,VELOSTATION,DUBBELZIJDIG,VOETPAD,Kloosterstraat,164,to 164 thv kronenburgstraat,Antwerpen,2000,VE_0000074,IN_GEBRUIK,30,074 Vismijn
492211.351048982,6659058.08006185,9127,VELOSTATION,DUBBELZIJDIG,PLEIN,Kievitplein,,,Antwerpen,2018,VE_0000005,IN_GEBRUIK,36,005 Centraal Station - Kievit
490358.402586862,6659139.84814304,9128,VELOSTATION,ENKELZIJDIG,MIDDENBERM,Lange Gasthuisstraat,3,to 3,Antwerpen,2000,VE_0000084,IN_GEBRUIK,33,084 Elzenveld
493579.32159487,6659122.3980039,9129,VELOSTATION,DUBBELZIJDIG,PLEIN,Moorkensplein,,,Borgerhout,2140,VE_0000107,IN_GEBRUIK,36,107 Moorkensplein
491149.416171338,6659472.39260592,9130,VELOSTATION,ENKELZIJDIG,PARKEERZONE,Tabakvest,42,,Antwerpen,2000,VE_0000037,IN_GEBRUIK,30,037 Theater
491609.469119357,6659263.23464148,9131,VELOSTATION,ENKELZIJDIG,PARKEERZONE,Quinten Matsijslei,12,,Antwerpen,2018,VE_0000095,IN_GEBRUIK,30,095 Quinten Matsijs 
489397.236773879,6659385.11554409,9132,VELOSTATION,ENKELZIJDIG,PARKEERZONE,Sint-Andriesplaats,23,to 23 oh plein,Antwerpen,2000,VE_0000070,IN_GEBRUIK,30,070 Sint-Andries
488971.862939091,6659383.64596766,9133,VELOSTATION,ENKELZIJDIG,PARKEERZONE,Sint-Michielskaai,21,to 21,Antwerpen,2000,VE_0000071,BUITEN_GEBRUIK,30,071 Sint-Michielskaai
490147.413902093,6659550.27317918,9134,VELOSTATION,ENKEL-DUBBELZIJDIG,PARKEERZONE,Oudaan,14,,Antwerpen,2000,VE_0000067,IN_GEBRUIK,36,067 Oudaan
490783.14211566,6659462.3459211,9135,VELOSTATION,ENKELZIJDIG,VOETPAD,Arenbergstraat,40,,Antwerpen,2000,VE_0000036,IN_GEBRUIK,33,036 Bourla
490794.400056557,6659783.52837837,9136,VELOSTATION,DUBBELZIJDIG,VOETPAD,Wapper,,thv Jodenstraat,Antwerpen,2000,VE_0000023,IN_GEBRUIK,36,023 Rubenshuis
489721.321526995,6659791.4833871,9137,VELOSTATION,ENKELZIJDIG,PARKEERZONE,Drukkerijstraat,18,,Antwerpen,2000,VE_0000066,IN_GEBRUIK,24,066 Modemuseum
492102.703052079,6659889.69653796,9138,VELOSTATION,ENKELZIJDIG,PLEIN,Koningin Astridplein,31-32,,Antwerpen,2018,VE_0000001,IN_GEBRUIK,33,001 Centraal Station - Astrid
490492.437788193,6659979.52928214,9139,VELOSTATION,ENKELZIJDIG,VOETPAD,Meir,18,,Antwerpen,2000,VE_0000018,IN_GEBRUIK,36,018 Meirbrug
491373.783358915,6659991.91970817,9140,VELOSTATION,DUBBELZIJDIG,VOETPAD,Leysstraat, 27,,Antwerpen,2000,VE_0000025,IN_GEBRUIK,36,025 Teniersplaats
493207.235655583,6660053.47961178,9141,VELOSTATION,ENKELZIJDIG,VOETPAD,Kerkstraat,58,,Antwerpen,2060,VE_0000109,IN_GEBRUIK,21,109 Kerkstraat
494106.593660962,6660059.4809912,9142,VELOSTATION,ENKELZIJDIG,VOETPAD,Vercammenstraat,3,thv helmstraat,Borgerhout,2140,VE_0000113,IN_GEBRUIK,27,113 Helmstraat
489255.526342274,6660096.43301874,9143,VELOSTATION,DUBBELZIJDIG,PLEIN,Plantinkaai,,to st-jansvliet zuiderterras,Antwerpen,2000,VE_0000064,IN_GEBRUIK,36,064 Zuiderterras
491847.493894072,6660671.58382513,9144,VELOSTATION,DUBBELZIJDIG,PLEIN,Osystraat,,verplaatst van Italielei naar  Osystraat,Antwerpen,2000,VE_0000011,IN_GEBRUIK,36,011 Roosevelt
489444.440363234,6660492.79400742,9145,VELOSTATION,ENKELZIJDIG,GROENZONE,Ernest Van Dijckkaai,11-12,to 11-12 zuiderterras,Antwerpen,2000,VE_0000059,IN_GEBRUIK,36,059 Het Steen
490103.912906285,6660584.49354816,9146,VELOSTATION,DUBBELZIJDIG,VOETPAD,Wolstraat,2,thv korte koepoortstraat,Antwerpen,2000,VE_0000057,IN_GEBRUIK,18,057 Wolstraat
492117.001473213,6660602.80535311,9147,VELOSTATION,ENKELZIJDIG,PLEIN,De Coninckplein,26,to 26,Antwerpen,2060,VE_0000032,IN_GEBRUIK,27,032 Permeke
493565.129775294,6660668.66148669,9148,VELOSTATION,ENKELZIJDIG,PARKEERZONE,Pesthofstraat,7,to 7,Antwerpen,2060,VE_0000114,IN_GEBRUIK,21,114 ZNA Stuivenberg
490314.881661078,6660692.53028925,9149,VELOSTATION,ENKELZIJDIG,PARKEERZONE,Minderbroedersrui,46,,Antwerpen,2000,VE_0000056,IN_GEBRUIK,30,056 Minderbroedersrui
492511.32977893,6660797.01065274,9150,VELOSTATION,ENKELZIJDIG,VOETPAD,Sint-Elisabethstraat,63,thv greinstraat,Antwerpen,2060,VE_0000115,IN_GEBRUIK,21,115 Metro Elisabeth
489703.017693389,6661074.911513,9151,VELOSTATION,ENKELZIJDIG,PARKEERZONE,Jordaenskaai,,to saucierstraat,Antwerpen,2000,VE_0000058,IN_GEBRUIK,30,058 Noorderterras
491164.943422553,6661182.48780942,9152,VELOSTATION,ENKELZIJDIG,PARKEERZONE,Paardenmarkt,90,thv kleine kauwenberg,Antwerpen,2000,VE_0000053,IN_GEBRUIK,21,053 Paardenmarkt
493878.770286914,6661137.64299562,9153,VELOSTATION,ENKELZIJDIG,VOETPAD,Pothoekstraat,122,to 122,Antwerpen,2060,VE_0000122,IN_GEBRUIK,21,122 Schijnpoort
491853.239580069,6661277.17954842,9154,VELOSTATION,ENKELZIJDIG,PLEIN,Sint-Jansplein,17,to 17,Antwerpen,2060,VE_0000117,IN_GEBRUIK,30,117 Sint-Jansplein
491096.370534969,6661749.13766467,9155,VELOSTATION,DUBBELZIJDIG,VOETPAD,Entrepotkaai,15,verplaatst van italielei nr Entrepotkaai,Antwerpen,2000,VE_0000052,IN_GEBRUIK,36,052 Waaslandtunnel
489900.539125639,6661341.81611264,9156,VELOSTATION,ENKELZIJDIG,PARKEERZONE,Sint-Pietersvliet,,thv tolhuis,Antwerpen,2000,VE_0000049,IN_GEBRUIK,27,049 Tolhuis
490877.399943704,6661403.81960472,9157,VELOSTATION,ENKELZIJDIG,VOETPAD,Hessenplein,2,,Antwerpen,2000,VE_0000033,IN_GEBRUIK,21,033 Hessenhuis
490051.689015268,6661715.08853981,9158,VELOSTATION,DUBBELZIJDIG,VOETPAD,Sint-Aldegondiskaai,2,thv Bonapartedok,Antwerpen,2000,VE_0000135,IN_GEBRUIK,36,135 Loodswezen
490418.463651587,6661524.59707623,9159,VELOSTATION,DUBBELZIJDIG,VOETPAD,Oudeleeuwenrui,2,,Antwerpen,2000,VE_0000045,IN_GEBRUIK,36,045 Falconplein
490442.4666976,6661746.39831659,9160,VELOSTATION,DUBBELZIJDIG,PLEIN,Godefriduskaai,,thv oostendekaai,Antwerpen,2000,VE_0000134,IN_GEBRUIK,36,134 MAS
492558.692111387,6661919.56786797,9161,VELOSTATION,DUBBELZIJDIG,PARKEERZONE,Viséstraat,14,,Antwerpen,2060,VE_0000123,IN_GEBRUIK,18,123 Park Spoor Noord 2
491072.196777356,6661987.07310018,9162,VELOSTATION,ENKELZIJDIG,VOETPAD,Entrepotplaats,1,,Antwerpen,2000,VE_0000133,IN_GEBRUIK,24,133 Willemdok
491967.429569178,6662065.96080116,9163,VELOSTATION,ENKELZIJDIG,GROENZONE,Ellermanstraat,74,to 74,Antwerpen,2060,VE_0000124,IN_GEBRUIK,30,124 Park Spoor Noord 1
494671.552754076,6659329.70319619,9164,VELOSTATION,DUBBELZIJDIG,VOETPAD,Turnhoutsebaan,366,thv stenenbrug                 ,Borgerhout,2140,VE_0000068,IN_GEBRUIK,30,068 Turnhoutsepoort
492810.75217111,6662395.99451795,9165,VELOSTATION,DUBBELZIJDIG,VOETPAD,Lange Lobroekstraat,220,to,Antwerpen,2060,VE_0000062,IN_GEBRUIK,24,062 Station Dam
493331.56629587,6662067.35778338,9166,VELOSTATION,ENKELZIJDIG,VOETPAD,Lange Lobroekstraat,93,to,Antwerpen,2060,VE_0000063,IN_GEBRUIK,36,063 Slachthuis
493440.928831664,6660320.23739798,9167,VELOSTATION,ENKELZIJDIG,VOETPAD,Pastorijstraat,28,to,Antwerpen,2060,VE_0000038,IN_GEBRUIK,21,038 Pastorijstraat
490210.924603181,6658936.64067636,9168,VELOSTATION,DUBBELZIJDIG,VOETPAD,Maarschalk Gérardstraat,25a,,Antwerpen,2000,VE_0000073,IN_GEBRUIK,36,073 Maarschalk Gerard
490059.567867945,6655644.13941874,9169,VELOSTATION,DUBBELZIJDIG,GROENZONE,Jan Van Rijswijcklaan,,thv de Singel,Antwerpen,2018,VE_0000013,IN_GEBRUIK,36,013 De Singel
492028.980283603,6659828.22186591,9170,VELOSTATION,ENKELZIJDIG,VOETPAD,De Keyserlei,61,,Antwerpen,2018,VE_0000048,IN_GEBRUIK,33,048 De Keyserlei 2
492153.707823497,6662389.63419356,9171,VELOSTATION,ENKELZIJDIG,VOETGANGERSZONE,Hardenvoort,,,Antwerpen,2060,VE_0000136,IN_GEBRUIK,33,136 Spoor Noord Skatebowl
494693.542697142,6660129.38356599,9172,VELOSTATION,ENKELZIJDIG,VOETPAD,Terloplein,64,to 64 pleintje,Borgerhout,2140,VE_0000154,IN_GEBRUIK,33,154 Terloplein
494886.993018124,6659625.03938843,9173,VELOSTATION,DUBBELZIJDIG,VOETGANGERSZONE,Statielei,27,to 27 naast spoorwegbrug,Borgerhout,2140,VE_0000155,IN_GEBRUIK,36,155 Statielei
492200.317944493,6655427.40449299,9174,VELOSTATION,DUBBELZIJDIG,MIDDENBERM,Binnensingel,,aan binnensingel,Berchem,2600,VE_0000157,IN_GEBRUIK,36,157 Berchem kerk
489622.591313198,6657092.29205256,9175,VELOSTATION,DUBBELZIJDIG,PLEIN,Zuidervelodroom,55,,Antwerpen,2018,VE_0000158,IN_GEBRUIK,36,158 Zuidervelodroom
489730.210442246,6657732.03986467,9176,VELOSTATION,DUBBELZIJDIG,VOETPAD,Boudewijnssteeg,1, fase 3,Antwerpen,2018,VE_0000159,IN_GEBRUIK,30,159 Den Bell 2
488570.560059777,6657341.69339271,9177,VELOSTATION,DUBBELZIJDIG,GROENZONE,Brusselstraat,5,to 5,Antwerpen,2018,VE_0000160,IN_GEBRUIK,36,160 Vlinderpaleis
491882.013006814,6667915.72022759,9178,VELOSTATION,DUBBELZIJDIG,VOETPAD,Havanastraat,1,,Antwerpen,2030,VE_0000201,IN_GEBRUIK,36,201 Havana
492169.057914082,6666930.97674912,9179,VELOSTATION,ENKELZIJDIG,VOETPAD,Houstonstraat,,to Canadalaan,Antwerpen,2030,VE_0000202,IN_GEBRUIK,24,202 Squarepark
492388.510999602,6666270.46037512,9180,VELOSTATION,DUBBELZIJDIG,GROENZONE,Columbiastraat,,thv Venezuelastraat,Antwerpen,2030,VE_0000203,IN_GEBRUIK,36,203 Venezuelastraat
492130.805226579,6665633.97812072,9181,VELOSTATION,DUBBELZIJDIG,PLEIN,Noorderlaan,104B-104C,,Antwerpen,2030,VE_0000204,IN_GEBRUIK,36,204 Luchtbal winkelcentrum
491414.043342813,6664716.91671789,9182,VELOSTATION,DUBBELZIJDIG,GROENZONE,Groenendaallaan,397A,,Antwerpen,2030,VE_0000205,IN_GEBRUIK,36,205 Kinepolis
492382.089845763,6664637.94910695,9183,VELOSTATION,ENKELZIJDIG,PLEIN,Bermstraat,,hoek Groenendaallaan,Antwerpen,2030,VE_0000206,IN_GEBRUIK,33,206 Station Luchtbal
496730.011351946,6667131.33490543,9184,VELOSTATION,DUBBELZIJDIG,GROENZONE,Van Praetlei,252,to 252,Merksem,2170,VE_0000207,IN_GEBRUIK,36,207 P&R Merksem
495860.491700738,6666443.06469718,9185,VELOSTATION,ENKELZIJDIG,VOETPAD,Ringlaan,74,to 74,Merksem,2170,VE_0000208,IN_GEBRUIK,36,208 Ringlaan Atheneum
495053.931728723,6666788.10819778,9186,VELOSTATION,DUBBELZIJDIG,VOETPAD,Korte Bremstraat,2,to Laaglandlaan,Merksem,2170,VE_0000209,IN_GEBRUIK,36,209 Melgeshof
493787.927416881,6666574.45828556,9187,VELOSTATION,DUBBELZIJDIG,GROENZONE,Maantjessteenweg,175,,Merksem,2170,VE_0000210,IN_GEBRUIK,36,210 Maantjessteenweg
493954.710573315,6665856.02550322,9188,VELOSTATION,DUBBELZIJDIG,GROENZONE,Rodeloopstraat,67,to 67,Merksem,2170,VE_0000211,IN_GEBRUIK,36,211 Cultuurcentrum
494507.674729886,6665795.82810092,9189,VELOSTATION,DUBBELZIJDIG,GROENZONE,Rodeloopstraat,1-3,to 1-3,Merksem,2170,VE_0000212,IN_GEBRUIK,36,212 Rode Loop
495156.023983805,6665900.17867401,9190,VELOSTATION,ENKELZIJDIG,PLEIN,Kroonplein,28,to 28,Merksem,2170,VE_0000213,IN_GEBRUIK,30,213 Kroonplein
493485.083851221,6665275.33225919,9191,VELOSTATION,DUBBELZIJDIG,GROENZONE,Lambrechtshoekenlaan,133-135,,Merksem,2170,VE_0000214,IN_GEBRUIK,36,214 Kerkhofblommen
494289.351746383,6665059.39111817,9192,VELOSTATION,ENKELZIJDIG,VOETPAD,Nieuwdreef,107,,Merksem,2170,VE_0000215,IN_GEBRUIK,36,215 Nieuwdreef
495251.985376785,6665147.87822163,9193,VELOSTATION,DUBBELZIJDIG,PLEIN,Van Heybeeckstraat,28,to 28,Merksem,2170,VE_0000216,IN_GEBRUIK,30,216 Zwembad Merksem
495904.465990076,6665473.45846126,9194,VELOSTATION,ENKELZIJDIG,GROENZONE,Bredabaan,768,to 768,Merksem,2170,VE_0000217,IN_GEBRUIK,30,217 Joske Vermeulen
493789.568833641,6664396.1610795,9195,VELOSTATION,DUBBELZIJDIG,PLEIN,Ullenshofstraat,3,to 3,Merksem,2170,VE_0000218,IN_GEBRUIK,36,218 Groenendaalcollege
494536.02017575,6664245.684355,9196,VELOSTATION,ENKELZIJDIG,VOETPAD,Borrewaterstraat,8,,Merksem,2170,VE_0000219,IN_GEBRUIK,33,219 Districtshuis Merksem
495076.79582856,6664410.20974238,9197,VELOSTATION,DUBBELZIJDIG,PLEIN,Sint-Bartholomeusstraat,122,,Merksem,2170,VE_0000220,IN_GEBRUIK,30,220 't Dokske
491349.04153394,6662673.34266577,9198,VELOSTATION,DUBBELZIJDIG,VOETPAD,Binnenvaartstraat,,to Cadixstraat,Antwerpen,2000,VE_0000222,IN_GEBRUIK,36,222 Cadix Oost
490148.628192759,6662678.09578179,9199,VELOSTATION,DUBBELZIJDIG,VOETPAD,Rijnkaai,15,,Antwerpen,2000,VE_0000223,IN_GEBRUIK,36,223 Red Star Line
490899.204724798,6662887.96572794,9200,VELOSTATION,ENKELZIJDIG,VOETPAD,Indiëstraat,3,,Antwerpen,2030,VE_0000224,IN_GEBRUIK,36,224 Indiëstraat
490659.040656913,6662182.32471423,9201,VELOSTATION,DUBBELZIJDIG,VOETPAD,Verbindingsdok-Oostkaai,9,to 9,Antwerpen,2000,VE_0000225,IN_GEBRUIK,36,225 Verbindingsdok Eilandje
493124.228884445,6662784.77879658,9202,VELOSTATION,DUBBELZIJDIG,GROENZONE,Noordschippersdok,,terug naar Ijzerlaan,Antwerpen,2060,VE_0000226,IN_GEBRUIK,36,226 Noordschippersdok
494758.139327026,6662585.85596014,9203,VELOSTATION,ENKELZIJDIG,PLEIN,Van Cortbeemdelei,113,to 113 oh plein,Deurne,2100,VE_0000227,IN_GEBRUIK,24,227 Amstel
495513.026420906,6662042.25982279,9204,VELOSTATION,ENKELZIJDIG,PLEIN,Van Deynsestraat,120,to 120,Deurne,2100,VE_0000228,IN_GEBRUIK,24,228 Van Heetvelde
495588.879776106,6661419.15782394,9205,VELOSTATION,DUBBELZIJDIG,GROENZONE,Jozef Nellenslei,26,,Deurne,2100,VE_0000229,IN_GEBRUIK,36,229 Jozef Nellens
496705.46635179,6661931.98478488,9206,VELOSTATION,DUBBELZIJDIG,PLEIN,Sint-Fredegandusstraat,80,,Deurne,2100,VE_0000230,IN_GEBRUIK,36,230 Bosuil
497356.349661127,6661954.17036124,9207,VELOSTATION,DUBBELZIJDIG,GROENZONE,Gallifortlei,278,,Deurne,2100,VE_0000231,IN_GEBRUIK,36,231 den Antwerp
498551.55382837,6661810.71996488,9208,VELOSTATION,DUBBELZIJDIG,PLEIN,Wim Saerensplein,25,,Deurne,2100,VE_0000232,IN_GEBRUIK,36,232 Wim Saerens
497160.887428718,6661210.26082443,9209,VELOSTATION,DUBBELZIJDIG,VOETPAD,Gallifortlei,198,,Deurne,2100,VE_0000233,IN_GEBRUIK,36,233 Gallifort
496616.76429391,6660693.17641467,9210,VELOSTATION,ENKELZIJDIG,VOETPAD,Jan Brochovenstraat,28,,Deurne,2100,VE_0000234,IN_GEBRUIK,36,234 Deurne Atheneum
495913.457180658,6660274.89069053,9211,VELOSTATION,DUBBELZIJDIG,PLEIN,Cogelsplein,19-21,,Deurne,2100,VE_0000235,IN_GEBRUIK,36,235 Cogelsplein
496485.595417888,6660154.70012184,9212,VELOSTATION,DUBBELZIJDIG,PLEIN,Maurice Dequeeckerplein,3,to 3,Deurne,2100,VE_0000236,IN_GEBRUIK,36,236 Districthuis Deurne
497508.75765334,6660386.42138786,9213,VELOSTATION,DUBBELZIJDIG,GROENZONE,Ter Rivierenlaan,18,,Deurne,2100,VE_0000237,IN_GEBRUIK,36,237 Ter Rivieren
498227.044379628,6660966.64393547,9214,VELOSTATION,ENKELZIJDIG,VOETPAD,Ertbruggelaan,2,,Deurne,2100,VE_0000238,IN_GEBRUIK,24,238 Ertbrugge
498666.210497075,6660519.75490848,9215,VELOSTATION,ENKELZIJDIG,VOETPAD,Ruggeveldlaan,549,,Deurne,2100,VE_0000239,IN_GEBRUIK,30,239 Zwarte Arend
498952.412666657,6659825.34161938,9216,VELOSTATION,DUBBELZIJDIG,VOETGANGERSZONE,Ruggeveldlaan,,,Deurne,2100,VE_0000240,IN_GEBRUIK,36,240 Park Groot Schijn
495754.78478984,6659146.18241966,9217,VELOSTATION,DUBBELZIJDIG,GROENZONE,Collegelaan,42-44,to 42-44,Borgerhout,2140,VE_0000241,IN_GEBRUIK,36,241 Kerkendijk
495666.401106214,6658576.20776173,9218,VELOSTATION,DUBBELZIJDIG,GROENZONE,Luitenant Lippenslaan,2,to 2,Borgerhout,2140,VE_0000242,IN_GEBRUIK,36,242 Te Boelaerlei
496284.712054889,6658454.73495171,9219,VELOSTATION,DUBBELZIJDIG,GROENZONE,Herentalsebaan,133,,Deurne,2100,VE_0000243,IN_GEBRUIK,36,243 Mestputteke
497076.76962485,6658131.00507401,9220,VELOSTATION,DUBBELZIJDIG,PARKEERZONE,Herentalsebaan,299,,Deurne,2100,VE_0000244,IN_GEBRUIK,36,244 Waterbaan
497744.723376862,6657958.13459565,9221,VELOSTATION,ENKELZIJDIG,GROENZONE,Florent Pauwelslei,1,to 18,Deurne,2100,VE_0000245,IN_GEBRUIK,36,245 AZ Monica
496304.370726381,6658006.15034922,9222,VELOSTATION,DUBBELZIJDIG,GROENZONE,Arenaplein,1,to 1,Deurne,2100,VE_0000246,IN_GEBRUIK,36,246 Arena
494922.792663194,6658222.34086173,9223,VELOSTATION,ENKELZIJDIG,VOETPAD,Luitenant Lippenslaan,55-59,,Borgerhout,2140,VE_0000247,IN_GEBRUIK,36,247 ZNA Erasmus
495281.486335716,6657802.00997234,9224,VELOSTATION,DUBBELZIJDIG,GROENZONE,Berchemlei,67,to 67 thv De Schans,Borgerhout,2140,VE_0000248,IN_GEBRUIK,36,248 De Schans
494728.682673087,6657421.03706507,9225,VELOSTATION,DUBBELZIJDIG,VOETPAD,Frans De Vriendtstraat,61,to 61,Borgerhout,2140,VE_0000249,IN_GEBRUIK,30,249 Frans de Vriendt
494148.862508192,6656929.88355436,9226,VELOSTATION,DUBBELZIJDIG,VOETPAD,Diksmuidelaan,8,hoek Herculusstraat,Berchem,2600,VE_0000250,IN_GEBRUIK,36,250 Borsbeekbrug
495594.209047334,6657449.09111199,9227,VELOSTATION,DUBBELZIJDIG,GROENZONE,Arthur Matthyslaan,76,"to 76, to Thibautstraat",Borgerhout,2140,VE_0000251,IN_GEBRUIK,30,251Te Boelaerpark Noord
495399.867799838,6656771.03980184,9228,VELOSTATION,ENKELZIJDIG,VOETPAD,Karel De Preterlei,222,to 222,Borgerhout,2140,VE_0000252,IN_GEBRUIK,33,252 Te Boelaerpark/Gitschotelei
495743.75937698,6656416.49982214,9229,VELOSTATION,ENKELZIJDIG,PLEIN,Vosstraat,19,,Borgerhout,2140,VE_0000253,IN_GEBRUIK,36,253 Vosplein
496437.259254904,6656316.90984694,9230,VELOSTATION,DUBBELZIJDIG,MIDDENBERM,Boekenberglei,189,,Deurne,2100,VE_0000254,IN_GEBRUIK,30,254 Sint-Jozef
497331.002688655,6657488.03082293,9231,VELOSTATION,ENKELZIJDIG,GROENZONE,Van Den Hautelei,90,to 90,Deurne,2100,VE_0000255,IN_GEBRUIK,36,255 Van den Haute
494506.072060683,6655940.36250799,9232,VELOSTATION,ENKELZIJDIG,VOETPAD,Helderstraat,59,,Berchem,2600,VE_0000256,IN_GEBRUIK,27,256 Zillebeek
495236.09417454,6655386.57582589,9233,VELOSTATION,ENKELZIJDIG,PARKEERZONE,Hofstadestraat,,hoek Klerkenstraat,Berchem,2600,VE_0000257,IN_GEBRUIK,36,257 Hofstade
494694.330241634,6656310.74260234,9234,VELOSTATION,ENKELZIJDIG,GROENZONE,Lodewijk Van Berckenlaan,127,to 127,Berchem,2600,VE_0000258,IN_GEBRUIK,30,258 Hof van Nauwelaerts
493925.454251767,6655568.7079513,9235,VELOSTATION,DUBBELZIJDIG,GROENZONE,Posthofbrug,,thv Arbeidersstraat,Berchem,2600,VE_0000259,IN_GEBRUIK,36,259 Posthofbrug
492218.63612834,6654921.86447929,9236,VELOSTATION,ENKELZIJDIG,GROENZONE,Hof Ter Schriecklaan,1,,Berchem,2600,VE_0000260,IN_GEBRUIK,27,260 Ter Schriek
493095.790886964,6654740.80294683,9237,VELOSTATION,DUBBELZIJDIG,GROENZONE,Henri Prostlaan,5,eind vd keerlus,Berchem,2600,VE_0000261,IN_GEBRUIK,36,261 Brilschans
493758.174067815,6654849.61779601,9238,VELOSTATION,DUBBELZIJDIG,GROENZONE,Rooi,,thv Achtersteveld,Berchem,2600,VE_0000262,IN_GEBRUIK,36,262 Hoogveld
494354.23408717,6653986.4776338,9239,VELOSTATION,ENKELZIJDIG,MIDDENBERM,Fruithoflaan,85,to 85 middenberm,Berchem,2600,VE_0000263,IN_GEBRUIK,36,263 Fruithoflaan 2
493719.868364653,6654547.35115646,9240,VELOSTATION,DUBBELZIJDIG,PLEIN,Filip Williotstraat,11,,Berchem,2600,VE_0000264,IN_GEBRUIK,36,264 Filip Williotstraat
493368.046547871,6654111.66169363,9241,VELOSTATION,DUBBELZIJDIG,VOETPAD,Pulhoflaan,,thv Lappersbrug,Berchem,2600,VE_0000265,IN_GEBRUIK,30,265 Pulhof
493681.634153666,6653340.23602954,9242,VELOSTATION,ENKELZIJDIG,MIDDENBERM,Fruithoflaan,3-5,to 3-5,Berchem,2600,VE_0000266,IN_GEBRUIK,36,266 Fruithoflaan 1
492405.259144797,6654228.77186947,9243,VELOSTATION,DUBBELZIJDIG,GROENZONE,Prins Leopoldlaan,36,to 36 od hoek,Berchem,2600,VE_0000267,IN_GEBRUIK,30,267 Leopold
491863.385045299,6653736.99033341,9244,VELOSTATION,ENKELZIJDIG,VOETPAD,Lindendreef,,,Antwerpen,2020,VE_0000268,IN_GEBRUIK,36,268 ZNA Middelheim
492519.580415863,6653745.55837138,9245,VELOSTATION,DUBBELZIJDIG,GROENZONE,Troyentenhoflaan,120-122,,Berchem,2600,VE_0000269,IN_GEBRUIK,30,269 Middelheim
490262.196005534,6654329.5368609,9246,VELOSTATION,ENKELZIJDIG,GROENZONE,Eglantierlaan,1,,Antwerpen,2020,VE_0000270,IN_GEBRUIK,36,270 Dikke Mee
490812.919559922,6653329.67646808,9247,VELOSTATION,DUBBELZIJDIG,GROENZONE,Beukenlaan,24,to 24 hoek Middelheimlaan,Antwerpen,2020,VE_0000271,IN_GEBRUIK,36,271 Middelheim Museum
492215.515728898,6652808.25119271,9248,VELOSTATION,ENKELZIJDIG,MIDDENBERM,Groenenborgerlaan,199,,Antwerpen,2020,VE_0000272,IN_GEBRUIK,30,272 Groenenborger
491251.324512811,6652448.69850372,9249,VELOSTATION,ENKELZIJDIG,GROENZONE,Oosterveldlaan,8,to 8,Wilrijk,2610,VE_0000273,IN_GEBRUIK,36,273 Campus Groenenborger
489216.659223289,6651501.29129851,9250,VELOSTATION,DUBBELZIJDIG,PLEIN,Bist,,,Wilrijk,2610,VE_0000274,IN_GEBRUIK,30,274 De Bist
490172.365527316,6652199.27798899,9251,VELOSTATION,DUBBELZIJDIG,VOETPAD,Groenenborgerlaan,17,,Wilrijk,2610,VE_0000275,IN_GEBRUIK,36,275 Sneeuwbes
489142.591615025,6653828.59572722,9252,VELOSTATION,DUBBELZIJDIG,PLEIN,Kruishofstraat,140,to 140,Wilrijk,2610,VE_0000276,IN_GEBRUIK,36,276 Corbusier
489781.127762404,6652673.3572075,9253,VELOSTATION,ENKELZIJDIG,VOETPAD,Ahornenlaan,1,,Wilrijk,2610,VE_0000277,IN_GEBRUIK,36,277 Ahornen
489127.512828337,6650598.42362623,9254,VELOSTATION,DUBBELZIJDIG,GROENZONE,Oversneslaan,54,,Wilrijk,2610,VE_0000278,IN_GEBRUIK,36,278 Oversnes
489191.555176206,6651094.17925741,9255,VELOSTATION,DUBBELZIJDIG,PLEIN,Doornstraat,2,naast 2,Wilrijk,2610,VE_0000279,IN_GEBRUIK,36,279 Ieperman
487846.074950827,6652612.50132708,9256,VELOSTATION,DUBBELZIJDIG,GROENZONE,Bosheidelaan,,hoek Rooiboslaan,Wilrijk,2610,VE_0000280,IN_GEBRUIK,36,280 Marmotteke
488176.546169691,6653632.6611379,9257,VELOSTATION,DUBBELZIJDIG,GROENZONE,Hof Van Tichelen,30,naast 30,Antwerpen,2020,VE_0000281,IN_GEBRUIK,36,281 Hof van Tichelen
487695.060668943,6653244.94198346,9258,VELOSTATION,DUBBELZIJDIG,VOETPAD,Letterkundestraat,59-63,basis school de letter,Wilrijk,2610,VE_0000282,IN_GEBRUIK,36,282 De Letter
486682.978010786,6653493.79327587,9259,VELOSTATION,DUBBELZIJDIG,PLEIN,Hollebeekstraat,25-27,to 25-27,Hoboken,2660,VE_0000283,IN_GEBRUIK,36,283 Hollebeek
485819.486004466,6653778.05683463,9260,VELOSTATION,DUBBELZIJDIG,VOETPAD,Steynstraat,297-299,,Hoboken,2660,VE_0000284,IN_GEBRUIK,36,284 Steynstraat
484046.29707318,6653655.20306228,9261,VELOSTATION,ENKELZIJDIG,PLEIN,Berkenrodelei,150,naast 150,Hoboken,2660,VE_0000286,IN_GEBRUIK,36,286 Station Hoboken/Polderstad
484246.939533063,6652800.89224595,9262,VELOSTATION,DUBBELZIJDIG,VOETPAD,Berkenrodelei,2,,Hoboken,2660,VE_0000287,IN_GEBRUIK,36,287 Kioskplaats/Centrum
485334.036428656,6652716.03057125,9263,VELOSTATION,DUBBELZIJDIG,GROENZONE,Draaiboomstraat,44,to 44,Hoboken,2660,VE_0000288,IN_GEBRUIK,36,288 Draaiboom
484480.723731813,6652045.51041839,9264,VELOSTATION,DUBBELZIJDIG,VOETPAD,Walstraat,5-7,to 5-7,Hoboken,2660,VE_0000289,IN_GEBRUIK,36,289 Broydenborgpark
486220.485812019,6652526.66522417,9265,VELOSTATION,DUBBELZIJDIG,GROENZONE,Sint-Bernardsesteenweg,886,to 886,Hoboken,2660,VE_0000290,IN_GEBRUIK,36,290 Coöperatielaan
486764.01578548,6654715.15704447,9266,VELOSTATION,DUBBELZIJDIG,GROENZONE,Maurits Sabbelaan,16-18,to 16-18,Antwerpen,2020,VE_0000291,IN_GEBRUIK,36,291 Braem blokken
487689.018937107,6655104.11783399,9267,VELOSTATION,DUBBELZIJDIG,GROENZONE,Jacob Le Mairestraat,8,naast 8 aan keerlus,Antwerpen,2020,VE_0000292,IN_GEBRUIK,36,292 Kielpark
488794.789445525,6654695.18493291,9268,VELOSTATION,ENKELZIJDIG,PLEIN,Pol De Montstraat,10,to 10 oh plein,Antwerpen,2020,VE_0000293,IN_GEBRUIK,36,293 Edgard Castelein
487226.564856273,6655171.07002528,9269,VELOSTATION,ENKELZIJDIG,PLEIN,Valerius De Saedeleerstraat,2,to 2,Antwerpen,2020,VE_0000294,IN_GEBRUIK,36,294 Den Tir
487504.922092835,6655735.35902006,9270,VELOSTATION,ENKELZIJDIG,GROENZONE,Emiel Vloorsstraat,,hoek August Leysweg,Antwerpen,2020,VE_0000295,IN_GEBRUIK,36,295 Sporthal Kiel
489034.259705234,6655697.92980197,9271,VELOSTATION,DUBBELZIJDIG,GROENZONE,Eric Sasselaan,69,to 69,Antwerpen,2020,VE_0000296,IN_GEBRUIK,30,296 Mastvest
488570.597500744,6655091.73624343,9272,VELOSTATION,DUBBELZIJDIG,GROENZONE,Jan De Voslei,,thv C Huysmanslaan,Antwerpen,2020,VE_0000297,IN_GEBRUIK,36,297 Tentoonstellingswijk
487855.222367825,6651752.40940552,9273,VELOSTATION,ENKELZIJDIG,VOETPAD,Valkstraat,,thv Gaston Fabrelaan,Wilrijk,2610,VE_0000298,IN_GEBRUIK,27,298 Koornbloem
489589.271130821,6655319.32437388,9274,VELOSTATION,ENKELZIJDIG,GROENZONE,Camille Huysmanslaan,,thv J V Rijswijcklaan,Antwerpen,2020,VE_0000299,IN_GEBRUIK,36,299 Antwerp Expo
489505.765249971,6654856.73924645,9275,VELOSTATION,DUBBELZIJDIG,GROENZONE,Vogelzanglaan,,thv voetbalveld,Antwerpen,2020,VE_0000300,IN_GEBRUIK,36,300 Wilrijksepleinen
495415.964533225,6654735.91320501,9276,VELOSTATION,DUBBELZIJDIG,PLEIN,Luchthavenlei,1,Op de parking van de luchthaven,Deurne,2100,VE_0000301,IN_GEBRUIK,30,301 Luchthaven
488742.934183147,6653035.77257795,9277,VELOSTATION,DUBBELZIJDIG,PLEIN,Rozenkransplein,11,to 11 oh plein,Wilrijk,2610,VE_0000302,IN_GEBRUIK,30,302 Rozenkrans
484558.677141737,6653883.00441264,9278,VELOSTATION,ENKELZIJDIG,VOETPAD,Commandant Weynsstraat,,,Hoboken,2660,VE_0000285,IN_GEBRUIK,27,285 Hoge beuken
490742.044113352,6663891.51119715,9279,VELOSTATION,ENKELZIJDIG,VOETPAD,Mexicostraat,thv 37,nieuw havenhuis,Antwerpen,2030,VE_0000221,IN_GEBRUIK,36,221 Havenhuis
490945.316199804,6663495.72482555,9280,VELOSTATION,ENKELZIJDIG,PARKEERZONE,Kambalastraat,2,,Antwerpen,2030,VE_0000303,IN_GEBRUIK,36,303 Kambala
493600.831373467,6663877.51942511,9281,VELOSTATION,DUBBELZIJDIG,GROENZONE,Campiniastraat,50,,Merksem,2170,VE_0000304,IN_GEBRUIK,36,304 Campinia
492652.906646047,6661373.87156074,9282,VELOSTATION,DUBBELZIJDIG,VOETGANGERSZONE,Van Kerckhovenstraat,74,,Antwerpen,2060,VE_0000156,IN_GEBRUIK,30,156 Gasstraat
492645.376063208,6657399.82229155,9283,VELOSTATION,DUBBELZIJDIG,PLEIN,Lange Leemstraat,,,Antwerpen,2018,VE_0000161,IN_GEBRUIK,36,161 Hospitaalplein
494654.936122267,6655194.78660107,9284,VELOSTATION,DUBBELZIJDIG,GROENZONE,Ter Nieuwerbrugge,3,,Berchem,2600,VE_0000305,IN_GEBRUIK,36,305 Ter Nieuwerbrugge
482919.644000101,6651786.33677721,9285,VELOSTATION,DUBBELZIJDIG,GROENZONE,Baron Sadoinestraat,26,,Hoboken,2660,VE_0000307,IN_GEBRUIK,36,307 Baron Sadoin
486158.652263938,6651619.02595388,9286,VELOSTATION,ENKELZIJDIG,PLEIN,Majoor Maelfaitplein,15,langsheen het plein,Hoboken,2660,VE_0000308,IN_GEBRUIK,36,308 KDG Campus Hoboken
484185.294959936,6651580.67754304,9287,VELOSTATION,DUBBELZIJDIG,GROENZONE,Paul Henri Spaaklaan,2,,Hoboken,2660,VE_0000309,IN_GEBRUIK,36,309 De Torekens
484638.023593593,6650921.90626744,9288,VELOSTATION,DUBBELZIJDIG,PLEIN,Krijgsbaan,20,,Hoboken,2660,VE_0000310,IN_GEBRUIK,36,310 Sporthal Sorghvliedt
483592.455070562,6652264.49608785,9289,VELOSTATION,ENKELZIJDIG,GROENZONE,Cockerillplaats,12-14,to 12-14,Hoboken,2660,VE_0000311,IN_GEBRUIK,36,311 Cockerillhof
483390.77159057,6654046.28032175,9290,VELOSTATION,ENKELZIJDIG,GROENZONE,Graspolderlaan,15-21,,Hoboken,2660,VE_0000312,IN_GEBRUIK,36,312 Graspolder
485726.17447197,6651261.82829328,9291,VELOSTATION,DUBBELZIJDIG,MIDDENBERM,Sint Bernaardsestwg,847,,Hoboken,2660,VE_0000314,IN_GEBRUIK,36,314 Schoonselhof
487079.778242212,6652134.82934784,9292,VELOSTATION,DUBBELZIJDIG,GROENZONE,Den Brem,91,,Wilrijk,2610,VE_0000320,IN_GEBRUIK,36,320 Den Brem
487345.049024321,6659853.22668523,9293,VELOSTATION,DUBBELZIJDIG,GROENZONE,Galgenweellaan,70,,Antwerpen,2050,VE_0000163,IN_GEBRUIK,36,163 Pluvier
493478.188350746,6666006.58694362,9294,VELOSTATION,ENKELZIJDIG,GROENZONE,Ganzemate,,,Merksem,2170,VE_0000317,IN_GEBRUIK,36,317 Distelhoek
485142.516936296,6653512.68526003,9295,VELOSTATION,DUBBELZIJDIG,GROENZONE,Dokter Emiel Van Dammestraat,28,,Hoboken,2660,VE_0000316,IN_GEBRUIK,36,316 D. E. Van Damme
487800.076876898,6650870.47834532,9296,VELOSTATION,ENKELZIJDIG,GROENZONE,Malisgoed,7,,Wilrijk,2610,VE_0000322,IN_GEBRUIK,24,322 Malisgoed
493167.469949161,6652323.27640219,9297,VELOSTATION,DUBBELZIJDIG,PLEIN,Monnikenplein,1,,Wilrijk,2610,VE_0000321,IN_GEBRUIK,36,321 Monnikenplein
486309.851942247,6660292.33434425,9298,VELOSTATION,DUBBELZIJDIG,VOETPAD,Blancefloerlaan,7272,,Antwerpen,2050,VE_0000162,IN_GEBRUIK,36,162 Regatta
485348.633814608,6652297.09362896,9299,VELOSTATION,DUBBELZIJDIG,VOETPAD,Paul Vekemanslaan,18,,Hoboken,2660,VE_0000325,IN_GEBRUIK,30,325 Paul Vekemans
485739.350722466,6654523.53692075,9300,VELOSTATION,DUBBELZIJDIG,GROENZONE,,,,Hoboken,2660,VE_0000326,BUITEN_GEBRUIK,36,326 Krugerbrug
487000.957687068,6652701.06221792,9301,VELOSTATION,DUBBELZIJDIG,PLEIN,Ridderveld,7,,Wilrijk,2610,VE_0000327,IN_GEBRUIK,30,327 Ridderveld
498172.296097443,6660148.77141247,9302,VELOSTATION,DUBBELZIJDIG,VOETPAD,Schotensesteenweg,5,,Deurne,2100,VE_0000328,IN_GEBRUIK,36,328 Oude Terminus
491912.393332597,6652358.88435062,9303,VELOSTATION,ENKELZIJDIG,GROENZONE,Oosterveldlaan,24,,Wilrijk,2610,VE_0000323,IN_GEBRUIK,36,323 Sint-Augustinus
496621.124751806,6657509.43475431,9304,VELOSTATION,DUBBELZIJDIG,VOETPAD,Dordrechtlaan,2,,Deurne,2100,VE_0000324,IN_GEBRUIK,24,324 Dordrechtlaan
497667.56619685,6661364.31758832,9305,VELOSTATION,ENKELZIJDIG,PLEIN,Prosper De Witstraat,5,,Deurne,2100,VE_0000329,IN_GEBRUIK,27,329 Prosper de Wit
484936.788679178,6651819.58814727,9306,VELOSTATION,ENKELZIJDIG,GROENZONE,Meerlenhoflaan,32,ingang park,Hoboken,2660,VE_0000330,IN_GEBRUIK,36,330 Meerlenhof
482978.017959351,6652411.11053767,9307,VELOSTATION,DUBBELZIJDIG,GROENZONE,Zaatlaan,6,,Hoboken,2660,VE_0000331,IN_GEBRUIK,36,331 Zaatlaan
488180.02580952,6650965.16268602,9308,VELOSTATION,DUBBELZIJDIG,GROENZONE,Michel Geysemansstraat,10,,Wilrijk,2610,VE_0000332,IN_GEBRUIK,36,332 Valkstraat
494456.862771235,6666428.84817039,9309,VELOSTATION,ENKELZIJDIG,GROENZONE,Frans Adriaenssensstraat,123,joma basisschool,Merksem,2170,VE_0000333,IN_GEBRUIK,30,333 Frans Adriaenssens/Joma
494752.091587248,6665327.28337564,9310,VELOSTATION,ENKELZIJDIG,PARKEERZONE,Speelpleinstraat,,,Merksem,2170,VE_0000335,IN_GEBRUIK,36,335 Speelplein
490356.498357719,6651107.75769699,9311,VELOSTATION,ENKELZIJDIG,PLEIN,Dokter Donnyplein,1,,Wilrijk,2610,VE_0000340,IN_GEBRUIK,36,340 Dokter Donny
499037.530749229,6660269.11890437,9312,VELOSTATION,DUBBELZIJDIG,GROENZONE,August Van de Wielelei,136,,Deurne,2100,VE_0000334,IN_GEBRUIK,36,334 Den Haas
489371.007236333,6652422.27807636,9313,VELOSTATION,DUBBELZIJDIG,PARKEERZONE,Sneeuwbeslaan,,Hoek met Laarstraat,Wilrijk,2610,VE_0000336,IN_GEBRUIK,36,336 Sneeuwbeslaan
484614.056263694,6650323.35401152,9314,VELOSTATION,ENKELZIJDIG,VOETPAD,Verenigde Natieslaan,168,,Hoboken,2660,VE_0000337,IN_GEBRUIK,24,337 Verenigde Naties
482248.696714714,6652379.41452213,9315,VELOSTATION,DUBBELZIJDIG,VOETPAD,Leo Bosschartlaan,,,Hoboken,2660,VE_0000339,BUITEN_GEBRUIK,36,339 't Veer
497648.922714788,6656839.11117255,9316,VELOSTATION,DUBBELZIJDIG,VOETPAD,Eksterlaar,,,Deurne,2100,VE_0000313,IN_GEBRUIK,36,313 Eksterlaar 1
497630.832628209,6656739.64176106,9317,VELOSTATION,,VOETPAD,Eksterlaar,,,Deurne,2100,VE_0000315,GEPLAND,36,315 Eksterlaar 2
490388.173770474,6651922.02195708,9318,VELOSTATION,DUBBELZIJDIG,GROENZONE,Schaliemolenstraat,2,to 2 od groenzone,Wilrijk,2610,VE_0000319,IN_GEBRUIK,30,319 Schalienmolen
491732.298761965,6662410.77357856,9319,VELOSTATION,DUBBELZIJDIG,VOETGANGERSZONE,Kempenstraat,nvt,,,2030,VE_0000128,IN_GEBRUIK,36,128 ZNA Cadix
487955.440849693,6657837.65366805,9320,VELOSTATION,DUBBELZIJDIG,VOETPAD,Jos Smolderenstraat,,,Antwerpen,2000,VE_0000342,IN_GEBRUIK,36,342 Nieuw Zuid
491482.760018632,6662076.15911321,9321,VELOSTATION,DUBBELZIJDIG,GROENZONE,Ellermanstraat,,,Antwerpen,2060,VE_0000164,IN_GEBRUIK,36,164 AP Ellermanstraat
491287.593187865,6661829.16459869,9322,VELOSTATION,DUBBELZIJDIG,PLEIN,Italiëlei,,,Antwerpen,2000,VE_0000167,IN_GEBRUIK,30,167 FOD Financiën 2
490128.385746428,6659994.67159867,9323,VELOSTATION,ENKELZIJDIG,VOETPAD,Schoenmarkt,,,Antwerpen,2000,VE_0000166,IN_GEBRUIK,33,166 Schoenmarkt
492113.711724512,6659920.37674633,9324,VELOSTATION,ENKELZIJDIG,PLEIN,Koningin Astridplein,,,Antwerpen,2018,VE_0000171,IN_GEBRUIK,12,171 Centraal station 3
490820.008670888,6661215.06380978,9325,VELOSTATION,DUBBELZIJDIG,VOETPAD,Paardenmarkt,43,,Antwerpen,2000,VE_0000165,IN_GEBRUIK,36,165 Den Roscam
492104.404236354,6659921.166594,9326,VELOSTATION,ENKELZIJDIG,PLEIN,Koningin Astridplein,,,Antwerpen,2018,VE_0000172,IN_GEBRUIK,12,172 Centraal station 4
494855.749916339,6660803.07524405,9327,VELOSTATION,DUBBELZIJDIG,PARKEERZONE,,,"Spoor-Oost, ad fietsenstalling",Borgerhout,2140,VE_0000306,BUITEN_GEBRUIK,36,306 Spoor-Oost
492016.052866253,6663018.28554862,9328,VELOSTATION,DUBBELZIJDIG,VOETGANGERSZONE,,nvt,,Antwerpen,2030,VE_0000175,IN_GEBRUIK,36,175 Asiadok
491671.459473232,6660283.12916576,9329,VELOSTATION,ENKELZIJDIG,VOETGANGERSZONE,Franklin Rooseveltplaats,nvt,,Antwerpen,2060,VE_0000173,IN_GEBRUIK,36,173 Franklin Roosevelt
491644.216780293,6659823.8053081,9330,VELOSTATION,ENKELZIJDIG,VOETPAD,Quellinstraat,8A,,Antwerpen,2018,VE_0000170,IN_GEBRUIK,21,170 Quellin
